competition_name,season_name,competition_short,tournament_id,team,matches,shots,passes,carries,pressures,recoveries,duels,interceptions,blocks,clearances,xg,avg_pass_completion_pct,goals,wins,draws,losses,goals_for,goals_against,goal_difference,shots_per_match,passes_per_match,carries_per_match,pressures_per_match,recoveries_per_match,duels_per_match,interceptions_per_match,blocks_per_match,clearances_per_match,xg_per_match,goals_per_match,tempo,directness,pressing_intensity,defensive_activity,attacking_threat,shots_per_match_rank,passes_per_match_rank,carries_per_match_rank,pressures_per_match_rank,recoveries_per_match_rank,xg_per_match_rank,goals_per_match_rank,avg_pass_completion_pct_rank,tempo_rank,directness_rank,pressing_intensity_rank,defensive_activity_rank,attacking_threat_rank,general_style,offensive_style,defensive_style,strengths,weaknesses,most_used_formation,attack_score,build_up_score,defense_score,directness_score
African Cup of Nations,2023,AFCON,AFCON_2023,Algeria,3,47,1665,1347,311,123,84,23,35,34,3.88,84.27,3,0,2,1,3,4,-1,15.67,555.0,449.0,103.67,41.0,28.0,7.67,11.67,11.33,1.29,1.0,1004.0,2.82,144.67,58.67,7.04,0.88,1.0,1.0,0.04,0.35,0.58,0.48,0.92,1.0,0.62,0.04,0.08,0.83,Possession / Control,Possession-Based Attack,Balanced Defense,"['High shot volume', 'High possession volume', 'Strong passing accuracy']",['Low pressing activity'],,64.48,97.5,15.0,62.5
African Cup of Nations,2023,AFCON,AFCON_2023,Angola,1,7,296,218,189,39,26,13,22,26,1.2,72.3,1,0,1,0,1,1,0,7.0,296.0,218.0,189.0,39.0,26.0,13.0,22.0,26.0,1.2,1.0,514.0,2.36,228.0,87.0,3.52,0.21,0.21,0.17,0.96,0.19,0.46,0.48,0.21,0.19,0.25,0.92,0.79,0.21,High Intensity / Pressing,Balanced Attack,Aggressive Pressing,['High pressing intensity'],"['Low shot volume', 'Low possession volume', 'Low passing accuracy', 'Limited ball recovery activity']",,38.85,19.58,65.42,25.0
African Cup of Nations,2023,AFCON,AFCON_2023,Burkina Faso,1,7,266,196,120,47,31,7,10,12,1.26,71.8,2,0,1,0,2,2,0,7.0,266.0,196.0,120.0,47.0,31.0,7.0,10.0,12.0,1.26,2.0,462.0,2.63,167.0,60.0,3.56,0.21,0.12,0.12,0.12,0.79,0.54,0.9,0.17,0.12,0.54,0.21,0.12,0.25,Balanced / Mixed,Balanced Attack,Recovery-Oriented,['Strong ball recovery activity'],"['Low shot volume', 'Low possession volume', 'Low passing accuracy', 'Low pressing activity']",,53.02,13.75,35.42,54.17
African Cup of Nations,2023,AFCON,AFCON_2023,Cameroon,1,5,424,332,160,43,21,5,25,18,0.25,78.07,1,0,0,1,1,3,-2,5.0,424.0,332.0,160.0,43.0,21.0,5.0,25.0,18.0,0.25,1.0,756.0,1.18,203.0,69.0,2.15,0.08,0.54,0.58,0.75,0.65,0.08,0.48,0.42,0.58,0.08,0.77,0.17,0.08,High Intensity / Pressing,Balanced Attack,Aggressive Pressing,['High pressing intensity'],"['Limited chance generation', 'Low shot volume']",,18.23,51.67,52.19,8.33
African Cup of Nations,2023,AFCON,AFCON_2023,Cape Verde Islands,3,51,1383,1084,454,155,86,26,72,84,8.55,80.28,4,1,2,0,4,3,1,17.0,461.0,361.33,151.33,51.67,28.67,8.67,24.0,28.0,2.85,1.33,822.33,3.69,203.0,89.33,8.51,0.94,0.67,0.67,0.62,0.96,0.92,0.73,0.58,0.67,0.79,0.77,0.83,0.96,High Intensity / Pressing,High Chance Creation,Aggressive Pressing,"['Strong chance generation', 'High shot volume', 'High pressing intensity', 'Strong ball recovery activity', 'Direct attacking profile']",['No clear major weakness from selected indicators'],,87.6,64.17,84.9,79.17
African Cup of Nations,2023,AFCON,AFCON_2023,Congo DR,7,108,2813,2209,1063,322,207,45,100,142,23.92,78.39,6,1,5,1,6,5,1,15.43,401.86,315.57,151.86,46.0,29.57,6.43,14.29,20.29,3.42,0.86,717.43,3.84,197.86,70.57,8.22,0.83,0.5,0.5,0.67,0.75,1.0,0.33,0.46,0.5,0.88,0.58,0.21,0.92,Direct / Vertical,High Chance Creation,Recovery-Oriented,"['Strong chance generation', 'High shot volume', 'Strong ball recovery activity', 'Direct attacking profile']",['No clear major weakness from selected indicators'],,78.33,48.75,50.21,87.5
African Cup of Nations,2023,AFCON,AFCON_2023,Côte d'Ivoire,7,102,3468,2801,879,353,226,50,109,137,11.52,81.75,8,4,1,2,8,8,0,14.57,495.43,400.14,125.57,50.43,32.29,7.14,15.57,19.57,1.65,1.14,895.57,2.94,176.0,74.57,6.82,0.79,0.83,0.83,0.25,0.88,0.71,0.62,0.75,0.83,0.67,0.38,0.33,0.71,Possession / Control,Possession-Based Attack,Recovery-Oriented,"['High shot volume', 'High possession volume', 'Strong passing accuracy', 'Strong ball recovery activity']",['No clear major weakness from selected indicators'],,71.25,80.83,51.04,66.67
African Cup of Nations,2023,AFCON,AFCON_2023,Egypt,4,80,2134,1704,575,196,112,43,72,79,13.32,84.51,7,0,4,0,7,7,0,20.0,533.5,426.0,143.75,49.0,28.0,10.75,18.0,19.75,3.33,1.75,959.5,3.75,192.75,76.5,10.0,1.0,0.92,0.96,0.5,0.83,0.96,0.83,0.96,0.92,0.83,0.54,0.46,1.0,Possession / Control,High Chance Creation,Recovery-Oriented,"['Strong chance generation', 'High shot volume', 'High possession volume', 'Strong passing accuracy', 'Strong ball recovery activity', 'Direct attacking profile']",['No clear major weakness from selected indicators'],,93.96,94.17,60.0,83.33
African Cup of Nations,2023,AFCON,AFCON_2023,Equatorial Guinea,1,10,209,143,131,39,40,1,17,37,1.09,64.11,4,1,0,0,4,0,4,10.0,209.0,143.0,131.0,39.0,40.0,1.0,17.0,37.0,1.09,4.0,352.0,4.78,170.0,95.0,4.66,0.46,0.08,0.04,0.38,0.19,0.38,1.0,0.08,0.04,0.96,0.33,0.88,0.46,Direct / Vertical,Direct Attack,High Defensive Activity,['Direct attacking profile'],"['Low possession volume', 'Low passing accuracy', 'Limited ball recovery activity']",,55.62,7.08,47.92,95.83
African Cup of Nations,2023,AFCON,AFCON_2023,Gambia,1,12,291,223,128,41,24,8,19,20,1.01,74.91,0,0,0,1,0,3,-3,12.0,291.0,223.0,128.0,41.0,24.0,8.0,19.0,20.0,1.01,0.0,514.0,4.12,169.0,71.0,5.41,0.58,0.17,0.21,0.29,0.35,0.29,0.08,0.29,0.19,0.92,0.29,0.25,0.54,Direct / Vertical,Direct Attack,Balanced Defense,['Direct attacking profile'],['Low possession volume'],,32.71,21.67,29.58,91.67
African Cup of Nations,2023,AFCON,AFCON_2023,Ghana,3,25,1010,814,472,128,86,35,49,84,3.71,76.37,5,0,2,1,5,6,-1,8.33,336.67,271.33,157.33,42.67,28.67,11.67,16.33,28.0,1.24,1.67,608.0,2.48,200.0,84.67,4.07,0.31,0.29,0.33,0.71,0.56,0.5,0.79,0.33,0.29,0.38,0.67,0.71,0.38,Balanced / Mixed,Balanced Attack,Balanced Defense,['Balanced profile without one dominant strength'],['No clear major weakness from selected indicators'],,51.67,31.67,65.0,37.5
African Cup of Nations,2023,AFCON,AFCON_2023,Guinea,2,11,887,735,244,83,63,9,36,48,1.69,80.48,1,0,0,2,1,5,-4,5.5,443.5,367.5,122.0,41.5,31.5,4.5,18.0,24.0,0.84,0.5,811.0,1.24,163.5,78.0,2.71,0.12,0.58,0.75,0.17,0.48,0.25,0.25,0.62,0.62,0.12,0.17,0.54,0.12,Balanced / Mixed,Carry-Based Progression,Balanced Defense,['Balanced profile without one dominant strength'],"['Limited chance generation', 'Low shot volume', 'Low pressing activity']",,21.25,64.58,39.17,12.5
African Cup of Nations,2023,AFCON,AFCON_2023,Guinea-Bissau,1,10,394,301,145,36,26,15,16,17,0.53,83.25,0,0,0,1,0,2,-2,10.0,394.0,301.0,145.0,36.0,26.0,15.0,16.0,17.0,0.53,0.0,695.0,2.54,181.0,74.0,4.32,0.46,0.42,0.42,0.54,0.08,0.17,0.08,0.88,0.42,0.42,0.46,0.29,0.42,Balanced / Mixed,Balanced Attack,Balanced Defense,['Strong passing accuracy'],"['Limited chance generation', 'Limited ball recovery activity']",,23.33,55.42,28.75,41.67
African Cup of Nations,2023,AFCON,AFCON_2023,Mali,3,39,1635,1262,553,124,131,35,54,73,4.5,82.88,4,1,1,1,4,3,1,13.0,545.0,420.67,184.33,41.33,43.67,11.67,18.0,24.33,1.5,1.33,965.67,2.39,225.67,97.67,6.1,0.69,0.96,0.92,0.83,0.42,0.67,0.73,0.83,0.96,0.29,0.83,0.92,0.58,Possession / Control,Possession-Based Attack,Aggressive Pressing,"['High possession volume', 'Strong passing accuracy', 'High pressing intensity']",['No clear major weakness from selected indicators'],,68.85,90.83,73.75,29.17
African Cup of Nations,2023,AFCON,AFCON_2023,Mauritania,1,17,203,161,196,45,33,10,28,43,1.33,58.13,1,1,0,0,1,0,1,17.0,203.0,161.0,196.0,45.0,33.0,10.0,28.0,43.0,1.33,1.0,364.0,8.37,241.0,114.0,7.6,0.94,0.04,0.08,1.0,0.71,0.62,0.48,0.04,0.08,1.0,0.96,1.0,0.88,Direct / Vertical,Direct Attack,Aggressive Pressing,"['High shot volume', 'High pressing intensity', 'Direct attacking profile']","['Low possession volume', 'Low passing accuracy']",,68.23,5.42,89.79,100.0
African Cup of Nations,2023,AFCON,AFCON_2023,Morocco,4,58,1945,1541,496,154,99,21,56,56,7.87,85.11,5,2,1,1,5,3,2,14.5,486.25,385.25,124.0,38.5,24.75,5.25,14.0,14.0,1.97,1.25,871.5,2.98,162.5,58.0,6.98,0.75,0.75,0.79,0.21,0.12,0.75,0.67,1.0,0.79,0.71,0.12,0.04,0.79,Possession / Control,High Chance Creation,Balanced Defense,"['Strong chance generation', 'High shot volume', 'High possession volume', 'Strong passing accuracy']","['Low pressing activity', 'Limited ball recovery activity']",,72.92,83.75,9.58,70.83
African Cup of Nations,2023,AFCON,AFCON_2023,Mozambique,2,20,786,632,258,79,42,20,35,53,2.27,80.16,4,0,2,0,4,4,0,10.0,393.0,316.0,129.0,39.5,21.0,10.0,17.5,26.5,1.13,2.0,709.0,2.54,168.5,75.0,4.68,0.46,0.38,0.54,0.33,0.25,0.42,0.9,0.54,0.46,0.46,0.25,0.38,0.5,Balanced / Mixed,Balanced Attack,Balanced Defense,['Balanced profile without one dominant strength'],"['Low pressing activity', 'Limited ball recovery activity']",,54.9,47.5,29.37,45.83
African Cup of Nations,2023,AFCON,AFCON_2023,Namibia,2,17,707,519,372,132,85,29,53,33,2.18,67.82,1,1,0,1,1,4,-3,8.5,353.5,259.5,186.0,66.0,42.5,14.5,26.5,16.5,1.09,0.5,613.0,2.4,252.0,100.0,4.05,0.38,0.33,0.29,0.92,1.0,0.33,0.25,0.12,0.33,0.33,1.0,0.96,0.33,High Intensity / Pressing,Balanced Attack,Aggressive Pressing,"['High pressing intensity', 'Strong ball recovery activity']",['Low passing accuracy'],,32.5,25.83,98.54,33.33
African Cup of Nations,2023,AFCON,AFCON_2023,Nigeria,3,35,968,702,401,128,89,29,47,77,7.24,73.61,3,1,1,1,3,3,0,11.67,322.67,234.0,133.67,42.67,29.67,9.67,15.67,25.67,2.41,1.0,556.67,3.62,176.33,80.67,6.12,0.54,0.25,0.25,0.42,0.56,0.83,0.48,0.25,0.25,0.75,0.42,0.62,0.62,Direct / Vertical,Direct Attack,Balanced Defense,"['Strong chance generation', 'Direct attacking profile']","['Low possession volume', 'Low passing accuracy']",,65.73,25.0,53.33,75.0
African Cup of Nations,2023,AFCON,AFCON_2023,Senegal,4,49,1859,1432,743,166,123,37,70,71,9.13,79.77,9,3,1,0,9,2,7,12.25,464.75,358.0,185.75,41.5,30.75,9.25,17.5,17.75,2.28,2.25,822.75,2.64,227.25,75.25,6.27,0.62,0.71,0.62,0.88,0.48,0.79,0.96,0.5,0.71,0.58,0.88,0.42,0.67,High Intensity / Pressing,Balanced Attack,Aggressive Pressing,"['Strong chance generation', 'High pressing intensity']",['No clear major weakness from selected indicators'],,78.33,62.08,59.58,58.33
African Cup of Nations,2023,AFCON,AFCON_2023,South Africa,7,91,3479,2831,1041,357,224,67,143,154,19.24,80.89,7,2,4,1,7,3,4,13.0,497.0,404.43,148.71,51.0,32.0,9.57,20.43,22.0,2.75,1.0,901.43,2.62,199.71,84.0,6.85,0.69,0.88,0.88,0.58,0.92,0.88,0.48,0.67,0.88,0.5,0.62,0.67,0.75,Possession / Control,Possession-Based Attack,Recovery-Oriented,"['Strong chance generation', 'High possession volume', 'Strong ball recovery activity']",['No clear major weakness from selected indicators'],,71.98,81.25,72.71,50.0
African Cup of Nations,2023,AFCON,AFCON_2023,Tanzania,2,6,986,728,286,86,61,13,35,46,0.07,81.62,0,0,1,1,0,3,-3,3.0,493.0,364.0,143.0,43.0,30.5,6.5,17.5,23.0,0.04,0.0,857.0,0.61,186.0,77.5,1.22,0.04,0.79,0.71,0.46,0.65,0.04,0.08,0.71,0.75,0.04,0.5,0.5,0.04,Possession / Control,Possession-Based Attack,Balanced Defense,['High possession volume'],"['Limited chance generation', 'Low shot volume']",,5.21,74.17,54.37,4.17
African Cup of Nations,2023,AFCON,AFCON_2023,Tunisia,3,25,1341,917,485,119,89,22,58,88,2.42,77.33,1,0,2,1,1,2,-1,8.33,447.0,305.67,161.67,39.67,29.67,7.33,19.33,29.33,0.81,0.33,752.67,1.86,201.33,85.67,3.82,0.31,0.62,0.46,0.79,0.29,0.21,0.17,0.38,0.54,0.21,0.71,0.75,0.29,Balanced / Mixed,Balanced Attack,High Defensive Activity,['Balanced profile without one dominant strength'],['Limited chance generation'],,22.92,50.0,59.79,20.83
African Cup of Nations,2023,AFCON,AFCON_2023,Zambia,2,14,790,563,236,69,58,9,40,51,0.54,81.99,1,0,1,1,1,2,-1,7.0,395.0,281.5,118.0,34.5,29.0,4.5,20.0,25.5,0.27,0.5,676.5,1.77,152.5,79.0,2.96,0.21,0.46,0.38,0.08,0.04,0.12,0.25,0.79,0.38,0.17,0.08,0.58,0.17,Balanced / Mixed,Balanced Attack,Balanced Defense,['Strong passing accuracy'],"['Limited chance generation', 'Low shot volume', 'Low pressing activity', 'Limited ball recovery activity']",,18.12,53.33,24.58,16.67
Copa America,2024,Copa América,Copa América_2024,Argentina,6,88,3358,2748,801,213,169,51,118,78,16.04,85.65,9,5,1,0,9,1,8,14.67,559.67,458.0,133.5,35.5,28.17,8.5,19.67,13.0,2.67,1.5,1017.67,2.62,169.0,69.33,7.47,0.81,1.0,1.0,0.38,0.06,0.94,0.84,1.0,1.0,0.38,0.25,0.12,0.81,Possession / Control,High Chance Creation,Balanced Defense,"['Strong chance generation', 'High shot volume', 'High possession volume', 'Strong passing accuracy']","['Low pressing activity', 'Limited ball recovery activity']",,87.66,100.0,15.0,37.5
Copa America,2024,Copa América,Copa América_2024,Bolivia,3,17,1222,945,491,140,102,32,68,66,0.99,79.88,1,0,0,3,1,10,-9,5.67,407.33,315.0,163.67,46.67,34.0,10.67,22.67,22.0,0.33,0.33,722.33,1.39,210.33,89.33,2.47,0.19,0.5,0.44,0.88,0.5,0.19,0.22,0.75,0.44,0.12,0.81,0.78,0.19,High Intensity / Pressing,Balanced Attack,Aggressive Pressing,"['Strong passing accuracy', 'High pressing intensity']","['Limited chance generation', 'Low shot volume']",,19.53,55.62,70.78,12.5
Copa America,2024,Copa América,Copa América_2024,Brazil,4,55,2120,1758,546,176,132,40,72,65,9.48,83.75,5,1,3,0,5,2,3,13.75,530.0,439.5,136.5,44.0,33.0,10.0,18.0,16.25,2.37,1.25,969.5,2.59,180.5,77.25,6.92,0.69,0.94,0.94,0.5,0.34,0.75,0.66,0.94,0.94,0.31,0.31,0.38,0.75,Possession / Control,Possession-Based Attack,Balanced Defense,"['Strong chance generation', 'High possession volume', 'Strong passing accuracy']",['No clear major weakness from selected indicators'],,70.78,93.75,34.38,31.25
Copa America,2024,Copa América,Copa América_2024,Canada,6,74,2471,1911,966,290,200,52,125,128,15.56,78.3,4,1,3,2,4,7,-3,12.33,411.83,318.5,161.0,48.33,33.33,8.67,20.83,21.33,2.59,0.67,730.33,2.99,209.33,84.17,6.49,0.44,0.56,0.5,0.75,0.59,0.88,0.41,0.62,0.56,0.69,0.75,0.56,0.62,High Intensity / Pressing,Balanced Attack,Aggressive Pressing,"['Strong chance generation', 'High pressing intensity']",['No clear major weakness from selected indicators'],,62.66,56.25,63.75,68.75
Copa America,2024,Copa América,Copa América_2024,Chile,2,11,757,586,341,88,75,15,46,37,0.58,74.23,0,0,1,1,0,1,-1,5.5,378.5,293.0,170.5,44.0,37.5,7.5,23.0,18.5,0.29,0.0,671.5,1.45,214.5,86.5,2.38,0.12,0.31,0.38,0.94,0.34,0.12,0.09,0.38,0.38,0.19,0.94,0.62,0.12,High Intensity / Pressing,Balanced Attack,Aggressive Pressing,['High pressing intensity'],"['Limited chance generation', 'Low shot volume']",,11.72,35.0,65.0,18.75
Copa America,2024,Copa América,Copa América_2024,Colombia,6,79,2949,2258,828,269,216,43,108,87,9.35,81.71,12,4,1,1,12,3,9,13.17,491.5,376.33,138.0,44.83,36.0,7.17,18.0,14.5,1.56,2.0,867.83,2.68,182.83,75.67,6.2,0.56,0.81,0.81,0.56,0.44,0.62,1.0,0.88,0.81,0.5,0.44,0.31,0.5,Possession / Control,Possession-Based Attack,Balanced Defense,"['High possession volume', 'Strong passing accuracy']",['No clear major weakness from selected indicators'],,70.0,83.12,39.38,50.0
Copa America,2024,Copa América,Copa América_2024,Costa Rica,3,9,901,674,520,148,102,20,68,72,0.47,72.13,2,1,1,1,2,4,-2,3.0,300.33,224.67,173.33,49.33,34.0,6.67,22.67,24.0,0.16,0.67,525.0,1.0,222.67,87.33,1.29,0.06,0.06,0.06,1.0,0.69,0.06,0.41,0.19,0.06,0.06,1.0,0.69,0.06,High Intensity / Pressing,Balanced Attack,Aggressive Pressing,['High pressing intensity'],"['Limited chance generation', 'Low shot volume', 'Low possession volume', 'Low passing accuracy']",,14.84,10.0,79.69,6.25
Copa America,2024,Copa América,Copa América_2024,Ecuador,4,54,1324,1014,524,202,165,31,86,106,7.93,73.26,5,1,2,1,5,4,1,13.5,331.0,253.5,131.0,50.5,41.25,7.75,21.5,26.5,1.98,1.25,584.5,4.08,181.5,97.0,6.59,0.62,0.19,0.19,0.25,0.81,0.69,0.66,0.31,0.19,1.0,0.38,0.88,0.69,Direct / Vertical,Direct Attack,High Defensive Activity,"['Strong ball recovery activity', 'Direct attacking profile']",['Low possession volume'],,66.09,22.5,68.12,100.0
Copa America,2024,Copa América,Copa América_2024,Jamaica,2,20,752,549,225,104,80,17,55,52,1.44,72.87,1,0,0,2,1,4,-3,10.0,376.0,274.5,112.5,52.0,40.0,8.5,27.5,26.0,0.72,0.5,650.5,2.66,164.5,102.0,4.43,0.31,0.25,0.31,0.06,0.88,0.31,0.31,0.25,0.25,0.44,0.19,1.0,0.31,Balanced / Mixed,Balanced Attack,High Defensive Activity,['Strong ball recovery activity'],"['Low possession volume', 'Low passing accuracy', 'Low pressing activity']",,31.25,26.88,67.81,43.75
Copa America,2024,Copa América,Copa América_2024,Mexico,3,58,1549,1174,397,193,116,23,63,66,4.46,79.72,1,1,1,1,1,1,0,19.33,516.33,391.33,132.33,64.33,38.67,7.67,21.0,22.0,1.49,0.33,907.67,3.74,196.67,89.33,8.62,1.0,0.88,0.88,0.31,1.0,0.56,0.22,0.69,0.88,0.88,0.62,0.78,1.0,Possession / Control,Possession-Based Attack,High Defensive Activity,"['High shot volume', 'High possession volume', 'Strong ball recovery activity', 'Direct attacking profile']",['No clear major weakness from selected indicators'],,60.78,81.88,79.22,87.5
Copa America,2024,Copa América,Copa América_2024,Panama,4,50,1798,1454,474,174,116,30,53,65,3.22,80.21,6,2,0,2,6,10,-4,12.5,449.5,363.5,118.5,43.5,29.0,7.5,13.25,16.25,0.81,1.5,813.0,2.78,162.0,66.0,5.48,0.5,0.69,0.75,0.12,0.25,0.38,0.84,0.81,0.75,0.56,0.12,0.06,0.44,Balanced / Mixed,Carry-Based Progression,Balanced Defense,['Strong passing accuracy'],"['Low pressing activity', 'Limited ball recovery activity']",,52.97,74.38,14.06,56.25
Copa America,2024,Copa América,Copa América_2024,Paraguay,3,43,1282,1025,472,145,98,39,54,47,2.96,76.71,3,0,0,3,3,8,-5,14.33,427.33,341.67,157.33,48.33,32.67,13.0,18.0,15.67,0.99,1.0,769.0,3.35,205.67,79.33,6.33,0.75,0.62,0.69,0.69,0.59,0.44,0.53,0.5,0.62,0.81,0.69,0.44,0.56,Balanced / Mixed,Direct Attack,Balanced Defense,"['High shot volume', 'Direct attacking profile']",['No clear major weakness from selected indicators'],,55.47,60.62,57.19,81.25
Copa America,2024,Copa América,Copa América_2024,Peru,2,16,656,461,289,81,65,21,38,19,0.74,70.54,0,0,0,2,0,3,-3,8.0,328.0,230.5,144.5,40.5,32.5,10.5,19.0,9.5,0.37,0.0,558.5,2.44,185.0,71.5,3.42,0.25,0.12,0.12,0.62,0.19,0.25,0.09,0.06,0.12,0.25,0.5,0.25,0.25,Balanced / Mixed,Balanced Attack,Balanced Defense,['Balanced profile without one dominant strength'],"['Limited chance generation', 'Low shot volume', 'Low possession volume', 'Low passing accuracy', 'Limited ball recovery activity']",,21.09,10.63,31.87,25.0
Copa America,2024,Copa América,Copa América_2024,United States,3,34,1180,818,361,116,94,18,57,43,3.79,71.36,3,1,0,2,3,3,0,11.33,393.33,272.67,120.33,38.67,31.33,6.0,19.0,14.33,1.26,1.0,666.0,2.88,159.0,70.67,5.29,0.38,0.38,0.25,0.19,0.12,0.5,0.53,0.12,0.31,0.62,0.06,0.19,0.38,Balanced / Mixed,Balanced Attack,Balanced Defense,['Balanced profile without one dominant strength'],"['Low passing accuracy', 'Low pressing activity', 'Limited ball recovery activity']",,47.03,26.25,12.5,62.5
Copa America,2024,Copa América,Copa América_2024,Uruguay,6,94,2434,1920,977,300,206,53,109,111,14.91,77.36,11,3,2,1,11,4,7,15.67,405.67,320.0,162.83,50.0,34.33,8.83,18.17,18.5,2.48,1.83,725.67,3.86,212.83,79.83,7.76,0.94,0.44,0.56,0.81,0.75,0.81,0.94,0.56,0.5,0.94,0.88,0.5,0.94,Direct / Vertical,High Chance Creation,Aggressive Pressing,"['Strong chance generation', 'High shot volume', 'High pressing intensity', 'Strong ball recovery activity', 'Direct attacking profile']",['No clear major weakness from selected indicators'],,88.13,51.25,70.62,93.75
Copa America,2024,Copa América,Copa América_2024,Venezuela,3,45,1385,1000,401,160,123,29,57,84,8.35,75.89,4,2,1,0,4,2,2,15.0,461.67,333.33,133.67,53.33,41.0,9.67,19.0,28.0,2.78,1.33,795.0,3.25,187.0,97.67,7.67,0.88,0.75,0.62,0.44,0.94,1.0,0.75,0.44,0.69,0.75,0.56,0.94,0.88,Attacking Threat,High Chance Creation,High Defensive Activity,"['Strong chance generation', 'High shot volume', 'High possession volume', 'Strong ball recovery activity', 'Direct attacking profile']",['No clear major weakness from selected indicators'],,90.0,61.88,80.62,75.0
FIFA World Cup,2022,World Cup,World Cup_2022,Argentina,7,110,4615,3763,980,325,248,70,126,141,20.99,84.87,15,4,2,1,15,8,7,15.71,659.29,537.57,140.0,46.43,35.43,10.0,18.0,20.14,3.0,2.14,1196.86,2.38,186.43,83.57,8.08,0.94,0.97,0.94,0.81,0.53,1.0,0.88,0.88,0.97,0.69,0.78,0.5,0.94,Possession / Control,High Chance Creation,Aggressive Pressing,"['Strong chance generation', 'High shot volume', 'High possession volume', 'Strong passing accuracy', 'High pressing intensity']",['No clear major weakness from selected indicators'],,95.0,93.12,60.78,68.75
FIFA World Cup,2022,World Cup,World Cup_2022,Australia,4,26,1707,1161,549,172,152,42,110,95,1.58,73.42,4,2,0,2,4,6,-2,6.5,426.75,290.25,137.25,43.0,38.0,10.5,27.5,23.75,0.39,1.0,717.0,1.52,180.25,99.75,2.84,0.06,0.25,0.16,0.72,0.33,0.03,0.45,0.09,0.16,0.12,0.59,0.91,0.06,Balanced / Mixed,Balanced Attack,High Defensive Activity,['Balanced profile without one dominant strength'],"['Limited chance generation', 'Low shot volume', 'Low possession volume', 'Low passing accuracy']",,14.61,17.5,62.34,12.5
FIFA World Cup,2022,World Cup,World Cup_2022,Belgium,3,35,1867,1531,309,117,86,23,56,66,3.69,85.52,1,1,1,1,1,2,-1,11.67,622.33,510.33,103.0,39.0,28.67,7.67,18.67,22.0,1.23,0.33,1132.67,1.87,142.0,77.0,5.41,0.59,0.75,0.81,0.06,0.16,0.53,0.09,0.91,0.78,0.34,0.06,0.28,0.62,Possession / Control,Possession-Based Attack,Balanced Defense,"['High possession volume', 'Strong passing accuracy']","['Low pressing activity', 'Limited ball recovery activity']",,44.06,81.56,16.72,34.38
FIFA World Cup,2022,World Cup,World Cup_2022,Brazil,5,99,3196,2664,605,267,173,42,88,69,13.64,86.81,8,3,1,1,8,3,5,19.8,639.2,532.8,121.0,53.4,34.6,8.4,17.6,13.8,2.73,1.6,1172.0,3.1,174.4,74.4,9.56,0.97,0.81,0.91,0.34,0.97,0.94,0.75,0.97,0.88,0.97,0.41,0.22,0.97,Possession / Control,High Chance Creation,Recovery-Oriented,"['Strong chance generation', 'High shot volume', 'High possession volume', 'Strong passing accuracy', 'Strong ball recovery activity', 'Direct attacking profile']",['No clear major weakness from selected indicators'],,90.0,88.75,50.94,96.88
FIFA World Cup,2022,World Cup,World Cup_2022,Cameroon,2,15,866,663,285,92,62,26,31,44,1.0,79.41,1,1,0,1,1,1,0,7.5,433.0,331.5,142.5,46.0,31.0,13.0,15.5,22.0,0.5,0.5,764.5,1.73,188.5,81.5,3.3,0.12,0.28,0.31,0.84,0.5,0.12,0.19,0.47,0.31,0.19,0.88,0.41,0.12,High Intensity / Pressing,Balanced Attack,Aggressive Pressing,['High pressing intensity'],"['Limited chance generation', 'Low shot volume']",,14.06,34.69,59.84,18.75
FIFA World Cup,2022,World Cup,World Cup_2022,Canada,3,35,1571,1306,380,159,65,32,49,51,3.93,83.85,2,0,0,3,2,7,-5,11.67,523.67,435.33,126.67,53.0,21.67,10.67,16.33,17.0,1.31,0.67,959.0,2.23,179.67,65.67,5.45,0.59,0.62,0.62,0.44,0.94,0.66,0.25,0.75,0.62,0.59,0.56,0.09,0.66,Balanced / Mixed,Balanced Attack,Recovery-Oriented,"['Strong passing accuracy', 'Strong ball recovery activity']",['No clear major weakness from selected indicators'],,53.59,66.25,51.09,59.38
FIFA World Cup,2022,World Cup,World Cup_2022,Costa Rica,3,11,1094,801,435,133,113,36,63,81,1.23,74.77,3,1,0,2,3,11,-8,3.67,364.67,267.0,145.0,44.33,37.67,12.0,21.0,27.0,0.41,1.0,631.67,1.01,189.33,97.67,1.71,0.03,0.03,0.06,0.88,0.47,0.06,0.45,0.12,0.03,0.03,0.91,0.84,0.03,High Intensity / Pressing,Balanced Attack,Aggressive Pressing,['High pressing intensity'],"['Limited chance generation', 'Low shot volume', 'Low possession volume', 'Low passing accuracy']",,15.08,6.88,75.31,3.12
FIFA World Cup,2022,World Cup,World Cup_2022,Croatia,7,87,4511,3674,949,332,248,85,130,157,13.17,84.03,8,2,4,1,8,7,1,12.43,644.43,524.86,135.57,47.43,35.43,12.14,18.57,22.43,1.88,1.14,1169.29,1.93,183.0,88.57,6.1,0.72,0.88,0.88,0.69,0.72,0.88,0.53,0.78,0.84,0.38,0.72,0.66,0.81,Possession / Control,Possession-Based Attack,Balanced Defense,"['Strong chance generation', 'High possession volume', 'Strong passing accuracy']",['No clear major weakness from selected indicators'],,74.22,84.69,69.69,37.5
FIFA World Cup,2022,World Cup,World Cup_2022,Denmark,3,35,1928,1627,337,129,121,33,59,64,3.19,83.74,1,0,1,2,1,3,-2,11.67,642.67,542.33,112.33,43.0,40.33,11.0,19.67,21.33,1.06,0.33,1185.0,1.82,155.33,92.33,5.31,0.59,0.84,0.97,0.19,0.33,0.34,0.09,0.72,0.94,0.28,0.19,0.78,0.56,Possession / Control,Possession-Based Attack,High Defensive Activity,['High possession volume'],['Low pressing activity'],,35.62,84.38,43.75,28.12
FIFA World Cup,2022,World Cup,World Cup_2022,Ecuador,3,30,1447,1076,417,131,117,32,60,51,3.81,79.54,4,1,1,1,4,3,1,10.0,482.33,358.67,139.0,43.67,39.0,10.67,20.0,17.0,1.27,1.33,841.0,2.07,182.67,86.67,4.76,0.39,0.47,0.47,0.78,0.38,0.59,0.7,0.5,0.47,0.5,0.66,0.56,0.41,Balanced / Mixed,Balanced Attack,Balanced Defense,['Balanced profile without one dominant strength'],['No clear major weakness from selected indicators'],,56.02,47.81,53.91,50.0
FIFA World Cup,2022,World Cup,World Cup_2022,England,5,63,3238,2624,485,189,148,46,71,58,8.74,86.29,13,3,1,1,13,4,9,12.6,647.6,524.8,97.0,37.8,29.6,9.2,14.2,11.6,1.75,2.6,1172.4,1.95,134.8,64.6,6.09,0.78,0.91,0.84,0.03,0.12,0.75,1.0,0.94,0.91,0.41,0.03,0.06,0.78,Possession / Control,High Chance Creation,Balanced Defense,"['Strong chance generation', 'High shot volume', 'High possession volume', 'Strong passing accuracy']","['Low pressing activity', 'Limited ball recovery activity']",,82.19,89.69,7.03,40.62
FIFA World Cup,2022,World Cup,World Cup_2022,France,7,106,3926,3174,905,310,244,95,125,114,14.96,83.28,16,5,1,1,16,8,8,15.14,560.86,453.43,129.29,44.29,34.86,13.57,17.86,16.29,2.14,2.29,1014.29,2.7,173.57,82.57,7.34,0.91,0.69,0.69,0.59,0.44,0.91,0.94,0.69,0.69,0.81,0.38,0.44,0.91,Attacking Threat,High Chance Creation,Balanced Defense,"['Strong chance generation', 'High shot volume', 'Direct attacking profile']",['No clear major weakness from selected indicators'],,91.41,68.75,41.56,81.25
FIFA World Cup,2022,World Cup,World Cup_2022,Germany,3,68,1963,1483,384,158,97,33,60,31,8.23,84.43,6,1,1,1,6,5,1,22.67,654.33,494.33,128.0,52.67,32.33,11.0,20.0,10.33,2.74,2.0,1148.67,3.46,180.67,73.67,10.71,1.0,0.94,0.75,0.52,0.89,0.97,0.83,0.81,0.81,1.0,0.62,0.19,1.0,Possession / Control,High Chance Creation,Recovery-Oriented,"['Strong chance generation', 'High shot volume', 'High possession volume', 'Strong passing accuracy', 'Strong ball recovery activity', 'Direct attacking profile']",['No clear major weakness from selected indicators'],,94.3,84.38,55.16,100.0
FIFA World Cup,2022,World Cup,World Cup_2022,Ghana,3,25,1248,989,412,149,143,27,71,95,3.35,79.03,5,1,0,2,5,7,-2,8.33,416.0,329.67,137.33,49.67,47.67,9.0,23.67,31.67,1.12,1.67,745.67,2.0,187.0,112.0,4.0,0.22,0.19,0.28,0.75,0.81,0.47,0.78,0.44,0.22,0.44,0.84,0.97,0.25,High Intensity / Pressing,Balanced Attack,Aggressive Pressing,"['High pressing intensity', 'Strong ball recovery activity']","['Low shot volume', 'Low possession volume']",,47.19,29.06,87.81,43.75
FIFA World Cup,2022,World Cup,World Cup_2022,Iran,3,33,1125,782,452,140,110,47,59,48,3.83,68.86,4,1,0,2,4,7,-3,11.0,375.0,260.67,150.67,46.67,36.67,15.67,19.67,16.0,1.28,1.33,635.67,2.93,197.33,88.0,5.17,0.48,0.06,0.03,0.94,0.59,0.62,0.7,0.03,0.06,0.91,0.94,0.62,0.5,Direct / Vertical,Direct Attack,Aggressive Pressing,"['High pressing intensity', 'Direct attacking profile']","['Low possession volume', 'Low passing accuracy']",,60.23,4.38,72.5,90.62
FIFA World Cup,2022,World Cup,World Cup_2022,Japan,4,48,1748,1270,692,168,152,51,100,106,7.38,75.79,5,2,1,1,5,4,1,12.0,437.0,317.5,173.0,42.0,38.0,12.75,25.0,26.5,1.85,1.25,754.5,2.75,215.0,102.25,5.91,0.67,0.31,0.19,1.0,0.28,0.84,0.61,0.19,0.28,0.84,1.0,0.94,0.72,Direct / Vertical,Direct Attack,Aggressive Pressing,"['Strong chance generation', 'High pressing intensity', 'Direct attacking profile']",['Low passing accuracy'],,73.36,23.75,76.25,84.38
FIFA World Cup,2022,World Cup,World Cup_2022,Mexico,3,41,1435,1099,382,147,116,39,47,57,3.06,76.99,2,1,1,1,2,3,-1,13.67,478.33,366.33,127.33,49.0,38.67,13.0,15.67,19.0,1.02,0.67,844.67,2.86,176.33,86.33,6.08,0.88,0.44,0.53,0.47,0.78,0.31,0.25,0.22,0.53,0.88,0.5,0.53,0.75,Direct / Vertical,Direct Attack,Recovery-Oriented,"['High shot volume', 'Strong ball recovery activity', 'Direct attacking profile']",['Low passing accuracy'],,46.56,40.0,59.53,87.5
FIFA World Cup,2022,World Cup,World Cup_2022,Morocco,7,66,2865,2283,1085,329,245,89,134,171,8.68,78.94,6,3,2,2,6,5,1,9.43,409.29,326.14,155.0,47.0,35.0,12.71,19.14,24.43,1.24,0.86,735.43,2.3,202.0,91.29,4.52,0.31,0.16,0.25,0.97,0.64,0.56,0.38,0.41,0.19,0.66,0.97,0.75,0.28,High Intensity / Pressing,Balanced Attack,Aggressive Pressing,['High pressing intensity'],['Low possession volume'],,44.06,25.94,79.38,65.62
FIFA World Cup,2022,World Cup,World Cup_2022,Netherlands,5,48,3005,2245,730,184,175,51,102,110,8.91,82.2,10,3,2,0,10,4,6,9.6,601.0,449.0,146.0,36.8,35.0,10.2,20.4,22.0,1.78,2.0,1050.0,1.6,182.8,87.6,4.91,0.34,0.72,0.66,0.91,0.06,0.81,0.83,0.62,0.72,0.16,0.69,0.59,0.44,Balanced / Mixed,Balanced Attack,Balanced Defense,['Strong chance generation'],['Limited ball recovery activity'],,67.58,67.19,46.72,15.62
FIFA World Cup,2022,World Cup,World Cup_2022,Poland,4,31,1524,1081,463,150,132,38,77,111,4.66,77.71,3,1,1,2,3,5,-2,7.75,381.0,270.25,115.75,37.5,33.0,9.5,19.25,27.75,1.17,0.75,651.25,2.03,153.25,89.5,3.8,0.16,0.09,0.09,0.22,0.09,0.5,0.33,0.28,0.09,0.47,0.16,0.69,0.19,Balanced / Mixed,Balanced Attack,Balanced Defense,['Balanced profile without one dominant strength'],"['Low shot volume', 'Low possession volume', 'Low pressing activity', 'Limited ball recovery activity']",,35.39,15.0,32.34,46.88
FIFA World Cup,2022,World Cup,World Cup_2022,Portugal,5,66,3129,2514,530,208,146,30,74,87,7.31,84.76,12,3,0,2,12,6,6,13.2,625.8,502.8,106.0,41.6,29.2,6.0,14.8,17.4,1.46,2.4,1128.6,2.11,147.6,67.4,6.16,0.84,0.78,0.78,0.09,0.25,0.69,0.97,0.84,0.75,0.56,0.12,0.12,0.84,Possession / Control,Possession-Based Attack,Balanced Defense,"['High shot volume', 'High possession volume', 'Strong passing accuracy']","['Low pressing activity', 'Limited ball recovery activity']",,80.47,80.0,16.25,56.25
FIFA World Cup,2022,World Cup,World Cup_2022,Qatar,3,20,1406,1097,375,122,84,27,40,56,1.41,81.06,1,0,0,3,1,7,-6,6.67,468.67,365.67,125.0,40.67,28.0,9.0,13.33,18.67,0.47,0.33,834.33,1.42,165.67,69.0,2.95,0.09,0.41,0.5,0.41,0.19,0.09,0.09,0.56,0.41,0.09,0.31,0.16,0.09,Balanced / Mixed,Balanced Attack,Balanced Defense,['Balanced profile without one dominant strength'],"['Limited chance generation', 'Low shot volume', 'Limited ball recovery activity']",,9.38,48.12,22.03,9.38
FIFA World Cup,2022,World Cup,World Cup_2022,Saudi Arabia,3,30,1190,867,393,158,113,41,58,76,3.2,71.05,3,1,0,2,3,5,-2,10.0,396.67,289.0,131.0,52.67,37.67,13.67,19.33,25.33,1.07,1.0,685.67,2.52,183.67,96.0,4.64,0.39,0.12,0.12,0.62,0.89,0.38,0.45,0.06,0.12,0.78,0.75,0.81,0.34,Direct / Vertical,Direct Attack,Aggressive Pressing,"['High pressing intensity', 'Strong ball recovery activity', 'Direct attacking profile']","['Low possession volume', 'Low passing accuracy']",,39.92,10.63,81.41,78.12
FIFA World Cup,2022,World Cup,World Cup_2022,Senegal,4,50,1696,1292,512,193,114,31,61,113,4.27,78.03,5,2,0,2,5,7,-2,12.5,424.0,323.0,128.0,48.25,28.5,7.75,15.25,28.25,1.07,1.25,747.0,2.95,176.25,79.75,5.64,0.75,0.22,0.22,0.52,0.75,0.41,0.61,0.31,0.25,0.94,0.47,0.34,0.69,Direct / Vertical,Direct Attack,Recovery-Oriented,"['High shot volume', 'Strong ball recovery activity', 'Direct attacking profile']",['Low possession volume'],,56.02,24.69,50.94,93.75
FIFA World Cup,2022,World Cup,World Cup_2022,Serbia,2,17,967,712,241,88,67,16,42,28,1.35,78.41,2,0,0,2,2,5,-3,8.5,483.5,356.0,120.5,44.0,33.5,8.0,21.0,14.0,0.68,1.0,839.5,1.76,164.5,76.5,3.81,0.25,0.5,0.44,0.31,0.41,0.16,0.45,0.38,0.44,0.22,0.25,0.25,0.22,Balanced / Mixed,Balanced Attack,Balanced Defense,['Balanced profile without one dominant strength'],"['Limited chance generation', 'Low shot volume', 'Low pressing activity']",,25.86,44.38,29.69,21.88
FIFA World Cup,2022,World Cup,World Cup_2022,South Korea,4,48,2011,1550,515,186,132,47,63,81,3.6,80.92,5,1,1,2,5,8,-3,12.0,502.75,387.5,128.75,46.5,33.0,11.75,15.75,20.25,0.9,1.25,890.25,2.39,175.25,80.75,5.34,0.67,0.56,0.56,0.56,0.56,0.25,0.61,0.53,0.56,0.72,0.44,0.38,0.59,Balanced / Mixed,Balanced Attack,Balanced Defense,['Balanced profile without one dominant strength'],['Limited chance generation'],,46.64,55.31,45.31,71.88
FIFA World Cup,2022,World Cup,World Cup_2022,Spain,4,51,3914,3258,445,189,108,37,55,35,7.1,90.12,9,1,2,1,9,3,6,12.75,978.5,814.5,111.25,47.25,27.0,9.25,13.75,8.75,1.78,2.25,1793.0,1.3,158.5,58.75,6.17,0.81,1.0,1.0,0.16,0.69,0.78,0.91,1.0,1.0,0.06,0.22,0.03,0.88,Possession / Control,High Chance Creation,Balanced Defense,"['Strong chance generation', 'High shot volume', 'High possession volume', 'Strong passing accuracy']",['Low pressing activity'],,82.19,100.0,29.37,6.25
FIFA World Cup,2022,World Cup,World Cup_2022,Switzerland,4,37,2035,1571,444,143,116,43,53,97,6.09,82.03,5,2,0,2,5,9,-4,9.25,508.75,392.75,111.0,35.75,29.0,10.75,13.25,24.25,1.52,1.25,901.5,1.82,146.75,77.25,4.61,0.28,0.59,0.59,0.12,0.03,0.72,0.61,0.59,0.59,0.31,0.09,0.31,0.31,Balanced / Mixed,Balanced Attack,Balanced Defense,['Balanced profile without one dominant strength'],"['Low pressing activity', 'Limited ball recovery activity']",,56.02,59.38,15.16,31.25
FIFA World Cup,2022,World Cup,World Cup_2022,Tunisia,3,32,1326,1014,361,178,143,33,69,102,2.41,75.27,1,1,1,1,1,1,0,10.67,442.0,338.0,120.33,59.33,47.67,11.0,23.0,34.0,0.8,0.33,780.0,2.41,179.67,115.67,4.75,0.44,0.34,0.38,0.28,1.0,0.22,0.09,0.16,0.34,0.75,0.53,1.0,0.38,Direct / Vertical,Direct Attack,High Defensive Activity,"['Strong ball recovery activity', 'Direct attacking profile']","['Limited chance generation', 'Low passing accuracy']",,25.31,29.69,83.59,75.0
FIFA World Cup,2022,World Cup,World Cup_2022,United States,4,46,2201,1836,537,210,136,40,73,82,3.94,82.77,3,1,2,1,3,4,-1,11.5,550.25,459.0,134.25,52.5,34.0,10.0,18.25,20.5,0.98,0.75,1009.25,2.09,186.75,82.75,5.19,0.53,0.66,0.72,0.66,0.84,0.28,0.33,0.66,0.66,0.53,0.81,0.47,0.53,High Intensity / Pressing,Balanced Attack,Aggressive Pressing,"['High pressing intensity', 'Strong ball recovery activity']",['No clear major weakness from selected indicators'],,36.8,67.5,70.16,53.12
FIFA World Cup,2022,World Cup,World Cup_2022,Uruguay,3,33,1477,1051,374,123,115,36,70,73,3.27,78.31,2,1,1,1,2,2,0,11.0,492.33,350.33,124.67,41.0,38.33,12.0,23.33,24.33,1.09,0.67,842.67,2.23,165.67,98.0,5.05,0.48,0.53,0.41,0.38,0.22,0.44,0.25,0.34,0.5,0.62,0.34,0.88,0.47,Balanced / Mixed,Balanced Attack,High Defensive Activity,['Balanced profile without one dominant strength'],['Limited ball recovery activity'],,40.47,43.75,49.22,62.5
FIFA World Cup,2022,World Cup,World Cup_2022,Wales,3,24,1353,995,354,141,100,24,71,78,2.22,77.65,1,0,1,2,1,6,-5,8.0,451.0,331.67,118.0,47.0,33.33,8.0,23.67,26.0,0.74,0.33,782.67,1.77,165.0,91.0,3.64,0.19,0.38,0.34,0.25,0.64,0.19,0.09,0.25,0.38,0.25,0.28,0.72,0.16,Balanced / Mixed,Balanced Attack,Balanced Defense,['Balanced profile without one dominant strength'],"['Limited chance generation', 'Low shot volume', 'Low passing accuracy']",,16.41,32.81,54.22,25.0
UEFA Euro,2024,Euro,Euro_2024,Albania,2,24,773,660,328,84,62,28,45,42,1.83,79.33,2,0,1,1,2,3,-1,12.0,386.5,330.0,164.0,42.0,31.0,14.0,22.5,21.0,0.91,1.0,716.5,3.1,206.0,88.5,5.35,0.42,0.21,0.38,0.67,0.62,0.29,0.56,0.33,0.33,0.92,0.71,0.81,0.38,Direct / Vertical,Direct Attack,High Defensive Activity,['Direct attacking profile'],['Low possession volume'],,39.69,29.58,71.98,91.67
UEFA Euro,2024,Euro,Euro_2024,Austria,4,50,2073,1663,722,197,149,45,99,53,6.11,81.33,7,2,0,2,7,6,1,12.5,518.25,415.75,180.5,49.25,37.25,11.25,24.75,13.25,1.53,1.75,934.0,2.41,229.75,86.5,5.92,0.54,0.54,0.5,0.83,0.92,0.71,0.92,0.42,0.54,0.33,0.88,0.67,0.54,High Intensity / Pressing,Balanced Attack,Aggressive Pressing,"['High pressing intensity', 'Strong ball recovery activity']",['No clear major weakness from selected indicators'],,71.04,49.17,81.46,33.33
UEFA Euro,2024,Euro,Euro_2024,Belgium,4,53,2208,1886,439,154,96,19,79,55,4.39,85.04,2,1,1,2,2,2,0,13.25,552.0,471.5,109.75,38.5,24.0,4.75,19.75,13.75,1.1,0.5,1023.5,2.4,148.25,62.25,5.96,0.62,0.75,0.75,0.08,0.42,0.38,0.27,0.71,0.75,0.25,0.08,0.08,0.58,Possession / Control,Possession-Based Attack,Balanced Defense,['High possession volume'],['Low pressing activity'],,42.4,73.75,18.33,25.0
UEFA Euro,2024,Euro,Euro_2024,Croatia,3,43,1783,1509,546,126,86,33,75,39,5.82,87.06,3,0,2,1,3,6,-3,14.33,594.33,503.0,182.0,42.0,28.67,11.0,25.0,13.0,1.94,1.0,1097.33,2.41,224.0,77.67,6.9,0.75,0.83,0.83,0.88,0.62,0.92,0.56,0.83,0.83,0.29,0.83,0.5,0.83,Possession / Control,High Chance Creation,Aggressive Pressing,"['Strong chance generation', 'High shot volume', 'High possession volume', 'Strong passing accuracy', 'High pressing intensity']",['No clear major weakness from selected indicators'],,77.81,83.33,65.42,29.17
UEFA Euro,2024,Euro,Euro_2024,Czech Republic,3,44,1107,834,415,135,112,26,62,60,4.59,72.12,3,0,1,2,3,5,-2,14.67,369.0,278.0,138.33,45.0,37.33,8.67,20.67,20.0,1.53,1.0,647.0,3.97,183.33,86.67,6.78,0.83,0.17,0.12,0.38,0.88,0.75,0.56,0.08,0.12,1.0,0.38,0.71,0.79,Direct / Vertical,High Chance Creation,Recovery-Oriented,"['Strong chance generation', 'High shot volume', 'Strong ball recovery activity', 'Direct attacking profile']","['Low possession volume', 'Low passing accuracy']",,72.81,12.92,64.17,100.0
UEFA Euro,2024,Euro,Euro_2024,Denmark,2,26,1062,856,321,66,67,15,32,16,1.81,82.9,1,0,1,1,1,3,-2,13.0,531.0,428.0,160.5,33.0,33.5,7.5,16.0,8.0,0.9,0.5,959.0,2.45,193.5,65.0,5.74,0.58,0.62,0.67,0.56,0.15,0.25,0.27,0.46,0.62,0.42,0.5,0.23,0.5,Balanced / Mixed,Balanced Attack,Balanced Defense,['Balanced profile without one dominant strength'],"['Limited chance generation', 'Limited ball recovery activity']",,35.52,58.75,29.9,41.67
UEFA Euro,2024,Euro,Euro_2024,England,7,81,4535,3815,884,297,192,38,132,97,10.49,86.27,8,3,3,1,8,6,2,11.57,647.86,545.0,126.29,42.43,27.43,5.43,18.86,13.86,1.5,1.14,1192.86,1.79,168.71,65.57,5.53,0.38,0.92,0.92,0.17,0.75,0.62,0.71,0.79,0.92,0.17,0.21,0.29,0.42,Possession / Control,Possession-Based Attack,Recovery-Oriented,"['High possession volume', 'Strong passing accuracy', 'Strong ball recovery activity']",['Low pressing activity'],,57.08,87.92,40.0,16.67
UEFA Euro,2024,Euro,Euro_2024,France,6,101,3454,2893,809,216,141,48,114,99,12.11,87.16,4,2,3,1,4,3,1,16.83,575.67,482.17,134.83,36.0,23.5,8.0,19.0,16.5,2.02,0.67,1057.83,2.92,170.83,67.0,7.94,0.88,0.79,0.79,0.29,0.29,0.96,0.38,0.88,0.79,0.79,0.25,0.33,0.92,Possession / Control,High Chance Creation,Balanced Defense,"['Strong chance generation', 'High shot volume', 'High possession volume', 'Strong passing accuracy', 'Direct attacking profile']",['Low pressing activity'],,78.75,81.67,29.17,79.17
UEFA Euro,2024,Euro,Euro_2024,Georgia,4,30,1425,1167,514,152,150,29,98,111,4.22,78.5,5,1,1,2,5,8,-3,7.5,356.25,291.75,128.5,38.0,37.5,7.25,24.5,27.75,1.05,1.25,648.0,2.11,166.5,97.0,3.63,0.12,0.12,0.21,0.21,0.38,0.33,0.75,0.29,0.17,0.21,0.12,0.96,0.12,Balanced / Mixed,Balanced Attack,High Defensive Activity,['Balanced profile without one dominant strength'],"['Low shot volume', 'Low possession volume', 'Low pressing activity']",,37.5,20.0,49.17,20.83
UEFA Euro,2024,Euro,Euro_2024,Germany,5,95,3401,2948,707,214,137,37,80,69,8.73,88.22,11,3,1,1,11,4,7,19.0,680.2,589.6,141.4,42.8,27.4,7.4,16.0,13.8,1.75,2.2,1269.8,2.79,184.2,64.6,8.65,0.98,0.96,0.96,0.42,0.79,0.88,1.0,1.0,0.96,0.71,0.46,0.12,0.96,Possession / Control,High Chance Creation,Recovery-Oriented,"['Strong chance generation', 'High shot volume', 'High possession volume', 'Strong passing accuracy', 'Strong ball recovery activity']",['No clear major weakness from selected indicators'],,93.75,97.08,44.17,70.83
UEFA Euro,2024,Euro,Euro_2024,Hungary,3,31,1225,861,529,106,115,24,62,76,3.33,76.5,2,1,0,2,2,5,-3,10.33,408.33,287.0,176.33,35.33,38.33,8.0,20.67,25.33,1.11,0.67,695.33,2.53,211.67,92.33,4.8,0.29,0.33,0.17,0.79,0.25,0.42,0.38,0.17,0.21,0.54,0.75,0.88,0.29,High Intensity / Pressing,Balanced Attack,Aggressive Pressing,['High pressing intensity'],"['Low passing accuracy', 'Limited ball recovery activity']",,36.88,23.33,64.38,54.17
UEFA Euro,2024,Euro,Euro_2024,Italy,3,28,1647,1310,522,125,72,21,47,42,1.85,84.06,1,0,1,2,1,4,-3,9.33,549.0,436.67,174.0,41.67,24.0,7.0,15.67,14.0,0.62,0.33,985.67,1.7,215.67,60.67,4.1,0.21,0.71,0.71,0.75,0.54,0.12,0.21,0.58,0.71,0.12,0.79,0.04,0.17,High Intensity / Pressing,Balanced Attack,Aggressive Pressing,['High pressing intensity'],"['Limited chance generation', 'Low shot volume']",,17.08,67.08,45.42,12.5
UEFA Euro,2024,Euro,Euro_2024,Netherlands,6,83,3116,2531,646,195,150,53,91,94,7.32,86.01,10,3,1,2,10,7,3,13.83,519.33,421.83,107.67,32.5,25.0,8.83,15.17,15.67,1.22,1.67,941.17,2.66,140.17,64.67,6.27,0.67,0.58,0.58,0.04,0.08,0.54,0.88,0.75,0.58,0.62,0.04,0.17,0.71,Balanced / Mixed,Balanced Attack,Balanced Defense,['Strong passing accuracy'],"['Low pressing activity', 'Limited ball recovery activity']",,66.25,63.33,9.79,62.5
UEFA Euro,2024,Euro,Euro_2024,Poland,3,37,1193,978,471,117,86,23,80,68,3.53,80.16,3,0,1,2,3,6,-3,12.33,397.67,326.0,157.0,39.0,28.67,7.67,26.67,22.67,1.18,1.0,723.67,3.1,196.0,85.67,5.64,0.46,0.25,0.33,0.5,0.48,0.5,0.56,0.38,0.38,0.88,0.58,0.62,0.46,Direct / Vertical,Direct Attack,Balanced Defense,['Direct attacking profile'],['Low possession volume'],,50.31,31.25,56.67,87.5
UEFA Euro,2024,Euro,Euro_2024,Portugal,5,95,3869,3297,646,271,144,35,103,83,14.71,87.84,5,2,2,1,5,3,2,19.0,773.8,659.4,129.2,54.2,28.8,7.0,20.6,16.6,2.94,1.0,1433.2,2.46,183.4,73.0,9.37,0.98,1.0,1.0,0.25,1.0,1.0,0.56,0.96,1.0,0.46,0.42,0.42,1.0,Possession / Control,High Chance Creation,Recovery-Oriented,"['Strong chance generation', 'High shot volume', 'High possession volume', 'Strong passing accuracy', 'Strong ball recovery activity']",['No clear major weakness from selected indicators'],,88.44,98.75,59.17,45.83
UEFA Euro,2024,Euro,Euro_2024,Romania,2,19,706,491,321,67,70,16,41,50,1.51,76.07,0,0,0,2,0,5,-5,9.5,353.0,245.5,160.5,33.5,35.0,8.0,20.5,25.0,0.76,0.0,598.5,2.69,194.0,88.5,4.25,0.25,0.08,0.08,0.56,0.21,0.21,0.1,0.12,0.08,0.67,0.54,0.81,0.21,Balanced / Mixed,Balanced Attack,High Defensive Activity,['Balanced profile without one dominant strength'],"['Limited chance generation', 'Low shot volume', 'Low possession volume', 'Low passing accuracy', 'Limited ball recovery activity']",,19.48,9.58,53.65,66.67
UEFA Euro,2024,Euro,Euro_2024,Scotland,3,17,1232,906,411,109,88,18,54,62,1.02,77.37,2,0,1,2,2,7,-5,5.67,410.67,302.0,137.0,36.33,29.33,6.0,18.0,20.67,0.34,0.67,712.67,1.38,173.33,74.0,2.47,0.04,0.38,0.25,0.33,0.33,0.08,0.38,0.21,0.29,0.08,0.29,0.46,0.04,Balanced / Mixed,Balanced Attack,Balanced Defense,['Balanced profile without one dominant strength'],"['Limited chance generation', 'Low shot volume', 'Low passing accuracy']",,14.37,28.75,36.25,8.33
UEFA Euro,2024,Euro,Euro_2024,Serbia,1,6,548,416,148,33,28,6,15,16,0.25,84.31,0,0,0,1,0,1,-1,6.0,548.0,416.0,148.0,33.0,28.0,6.0,15.0,16.0,0.25,0.0,964.0,1.09,181.0,65.0,2.55,0.08,0.67,0.54,0.46,0.15,0.04,0.1,0.67,0.67,0.04,0.33,0.23,0.08,Balanced / Mixed,Balanced Attack,Balanced Defense,['Balanced profile without one dominant strength'],"['Limited chance generation', 'Low shot volume', 'Limited ball recovery activity']",,6.98,62.92,24.06,4.17
UEFA Euro,2024,Euro,Euro_2024,Slovakia,2,23,913,727,379,107,67,25,50,51,2.26,77.63,2,1,0,1,2,2,0,11.5,456.5,363.5,189.5,53.5,33.5,12.5,25.0,25.5,1.13,1.0,820.0,2.52,243.0,96.5,5.28,0.33,0.42,0.42,0.92,0.96,0.46,0.56,0.25,0.42,0.5,0.96,0.92,0.33,High Intensity / Pressing,Balanced Attack,Aggressive Pressing,"['High pressing intensity', 'Strong ball recovery activity']",['Low passing accuracy'],,44.69,36.67,94.37,50.0
UEFA Euro,2024,Euro,Euro_2024,Slovenia,2,17,644,442,404,84,93,20,59,47,3.23,68.06,0,0,2,0,0,0,0,8.5,322.0,221.0,202.0,42.0,46.5,10.0,29.5,23.5,1.62,0.0,543.0,2.64,244.0,109.5,4.37,0.17,0.04,0.04,0.96,0.62,0.79,0.1,0.04,0.04,0.58,1.0,1.0,0.25,High Intensity / Pressing,Balanced Attack,Aggressive Pressing,"['Strong chance generation', 'High pressing intensity']","['Low shot volume', 'Low possession volume', 'Low passing accuracy']",,43.23,4.17,88.75,58.33
UEFA Euro,2024,Euro,Euro_2024,Spain,7,123,4334,3720,1126,313,194,48,131,113,10.56,87.49,15,7,0,0,15,4,11,17.57,619.14,531.43,160.86,44.71,27.71,6.86,18.71,16.14,1.51,2.14,1150.57,2.84,205.57,69.43,7.93,0.92,0.88,0.88,0.62,0.83,0.67,0.96,0.92,0.88,0.75,0.67,0.38,0.88,Possession / Control,Possession-Based Attack,Recovery-Oriented,"['High shot volume', 'High possession volume', 'Strong passing accuracy', 'Strong ball recovery activity', 'Direct attacking profile']",['No clear major weakness from selected indicators'],,81.46,88.75,61.46,75.0
UEFA Euro,2024,Euro,Euro_2024,Switzerland,5,62,2549,2111,825,195,148,39,111,104,8.48,83.44,8,2,3,0,8,4,4,12.4,509.8,422.2,165.0,39.0,29.6,7.8,22.2,20.8,1.7,1.6,932.0,2.43,204.0,80.4,5.98,0.5,0.5,0.62,0.71,0.48,0.83,0.81,0.54,0.5,0.38,0.62,0.54,0.62,Balanced / Mixed,Balanced Attack,Balanced Defense,['Strong chance generation'],['No clear major weakness from selected indicators'],,72.81,55.0,55.21,37.5
UEFA Euro,2024,Euro,Euro_2024,Turkey,5,72,2446,2014,629,211,185,45,98,106,6.46,83.03,8,3,0,2,8,8,0,14.4,489.2,402.8,125.8,42.2,37.0,9.0,19.6,21.2,1.29,1.6,892.0,2.94,168.0,86.8,6.54,0.79,0.46,0.46,0.12,0.71,0.58,0.81,0.5,0.46,0.83,0.17,0.75,0.75,Direct / Vertical,Direct Attack,High Defensive Activity,"['High shot volume', 'Direct attacking profile']",['Low pressing activity'],,70.31,47.08,53.33,83.33
UEFA Euro,2024,Euro,Euro_2024,Ukraine,1,14,401,308,211,29,33,13,17,21,0.71,84.29,0,0,1,0,0,0,0,14.0,401.0,308.0,211.0,29.0,33.0,13.0,17.0,21.0,0.71,0.0,709.0,3.49,240.0,84.0,6.03,0.71,0.29,0.29,1.0,0.04,0.17,0.1,0.62,0.25,0.96,0.92,0.58,0.67,Direct / Vertical,Direct Attack,Aggressive Pressing,"['High pressing intensity', 'Direct attacking profile']","['Limited chance generation', 'Limited ball recovery activity']",,31.35,39.17,53.75,95.83
